id,polarity
1,positive
2,positive
3,positive
4,positive
5,positive
6,neutral
7,positive
8,neutral
9,positive
10,neutral
11,neutral
12,positive
13,positive
14,positive
15,positive
16,positive
17,positive
18,neutral
19,neutral
20,neutral
21,neutral
22,neutral
23,neutral
24,neutral
25,neutral
26,positive
27,positive
28,positive
29,positive
30,neutral
31,neutral
32,positive
33,neutral
34,neutral
35,positive
36,neutral
37,neutral
38,neutral
39,positive
40,positive
41,positive
42,neutral
43,positive
44,neutral
45,neutral
46,neutral
47,positive
48,neutral
49,positive
50,positive
51,positive
52,positive
53,neutral
54,positive
55,neutral
56,positive
57,positive
58,neutral
59,positive
60,neutral
61,neutral
62,neutral
63,neutral
64,neutral
65,neutral
66,neutral
67,neutral
68,positive
69,positive
70,neutral
71,positive
72,neutral
73,neutral
74,positive
75,positive
76,positive
77,neutral
78,neutral
79,positive
80,positive
81,neutral
82,neutral
83,neutral
84,neutral
85,neutral
86,neutral
87,positive
88,neutral
89,positive
90,positive
91,neutral
92,positive
93,positive
94,neutral
95,positive
96,positive
97,positive
98,positive
99,positive
100,positive
101,neutral
102,positive
103,neutral
104,positive
105,positive
106,positive
107,positive
108,positive
109,neutral
110,neutral
111,neutral
112,positive
113,positive
114,positive
115,neutral
116,neutral
117,positive
118,neutral
119,positive
120,positive
121,neutral
122,neutral
123,positive
124,positive
125,neutral
126,positive
127,neutral
128,neutral
129,neutral
130,positive
131,neutral
132,positive
133,neutral
134,neutral
135,positive
136,neutral
137,neutral
138,positive
139,neutral
140,neutral
141,positive
142,positive
143,neutral
144,positive
145,positive
146,neutral
147,positive
148,neutral
149,neutral
150,neutral
151,positive
152,neutral
153,neutral
154,neutral
155,neutral
156,positive
157,positive
158,positive
159,positive
160,neutral
161,neutral
162,positive
163,neutral
164,neutral
165,positive
166,neutral
167,neutral
168,positive
169,neutral
170,neutral
171,positive
172,positive
173,neutral
174,positive
175,positive
176,positive
177,positive
178,neutral
179,positive
180,positive
181,positive
182,positive
183,positive
184,neutral
185,positive
186,neutral
187,positive
188,positive
189,positive
190,neutral
191,neutral
192,positive
193,neutral
194,positive
195,positive
196,neutral
197,neutral
198,neutral
199,positive
200,positive
201,positive
202,positive
203,positive
204,positive
205,positive
206,positive
207,positive
208,positive
209,neutral
210,neutral
211,positive
212,neutral
213,positive
214,positive
215,positive
216,positive
217,neutral
218,neutral
219,positive
220,neutral
221,positive
222,neutral
223,positive
224,neutral
225,neutral
226,positive
227,positive
228,positive
229,positive
230,positive
231,positive
232,neutral
233,neutral
234,neutral
235,neutral
236,positive
237,neutral
238,positive
239,positive
240,positive
241,positive
242,positive
243,positive
244,neutral
245,positive
246,positive
247,neutral
248,positive
249,neutral
250,positive
251,positive
252,positive
253,neutral
254,positive
255,positive
256,neutral
257,neutral
258,positive
259,positive
260,neutral
261,neutral
262,positive
263,positive
264,positive
265,positive
266,positive
267,neutral
268,positive
269,positive
270,neutral
271,neutral
272,positive
273,neutral
274,positive
275,positive
276,positive
277,neutral
278,neutral
279,positive
280,neutral
281,positive
282,neutral
283,positive
284,positive
285,positive
286,positive
287,neutral
288,positive
289,neutral
290,neutral
291,positive
292,positive
293,neutral
294,neutral
295,positive
296,neutral
297,positive
298,positive
299,positive
300,neutral
301,positive
302,positive
303,neutral
304,neutral
305,neutral
306,positive
307,neutral
308,neutral
309,neutral
310,neutral
311,positive
312,positive
313,neutral
314,neutral
315,neutral
316,neutral
317,positive
318,neutral
319,positive
320,positive
321,neutral
322,neutral
323,positive
324,positive
325,neutral
326,positive
327,neutral
328,neutral
329,neutral
330,positive
331,neutral
332,neutral
333,neutral
334,neutral
335,neutral
336,neutral
337,neutral
338,neutral
339,positive
340,positive
341,neutral
342,positive
343,positive
344,positive
345,positive
346,positive
347,positive
348,positive
349,neutral
350,neutral
351,neutral
352,neutral
353,neutral
354,positive
355,positive
356,neutral
357,positive
358,neutral
359,neutral
360,neutral
361,neutral
362,positive
363,neutral
364,neutral
365,positive
366,neutral
367,positive
368,positive
369,neutral
370,neutral
371,positive
372,neutral
373,neutral
374,positive
375,positive
376,positive
377,positive
378,positive
379,positive
380,neutral
381,positive
382,neutral
383,positive
384,positive
385,positive
386,neutral
387,neutral
388,neutral
389,neutral
390,positive
391,positive
392,positive
393,positive
394,positive
395,positive
396,neutral
397,neutral
398,positive
399,neutral
400,positive
401,neutral
402,positive
403,neutral
404,neutral
405,neutral
406,positive
407,neutral
408,neutral
409,neutral
410,positive
411,positive
412,positive
413,neutral
414,neutral
415,neutral
416,neutral
417,neutral
418,neutral
419,neutral
420,neutral
421,neutral
422,positive
423,positive
424,neutral
425,positive
426,neutral
427,neutral
428,neutral
429,positive
430,positive
431,neutral
432,positive
433,positive
434,positive
435,positive
436,neutral
437,positive
438,positive
439,positive
440,neutral
441,neutral
442,neutral
443,positive
444,neutral
445,positive
446,neutral
447,positive
448,positive
449,positive
450,positive
451,positive
452,positive
453,neutral
454,positive
455,positive
456,neutral
457,neutral
458,neutral
459,neutral
460,positive
461,neutral
462,positive
463,positive
464,neutral
465,positive
466,neutral
467,positive
468,positive
469,neutral
470,neutral
471,neutral
472,neutral
473,positive
474,positive
475,positive
476,neutral
477,positive
478,neutral
479,neutral
480,positive
481,neutral
482,neutral
483,positive
484,positive
485,neutral
486,neutral
487,positive
488,positive
489,positive
490,positive
491,neutral
492,neutral
493,positive
494,positive
495,neutral
496,neutral
497,neutral
498,neutral
499,neutral
500,neutral
501,positive
502,positive
503,neutral
504,neutral
505,neutral
506,neutral
507,neutral
508,positive
509,neutral
510,positive
511,positive
512,neutral
513,positive
514,positive
515,positive
516,neutral
517,neutral
518,positive
519,positive
520,neutral
521,neutral
522,positive
523,neutral
524,positive
525,positive
526,neutral
527,positive
528,neutral
529,positive
530,positive
531,neutral
532,positive
533,neutral
534,positive
535,neutral
536,neutral
537,positive
538,neutral
539,neutral
540,neutral
541,positive
542,positive
543,positive
544,neutral
545,positive
546,neutral
547,positive
548,positive
549,neutral
550,positive
551,positive
552,positive
553,positive
554,positive
555,positive
556,positive
557,neutral
558,positive
559,positive
560,neutral
561,positive
562,positive
563,neutral
564,neutral
565,positive
566,positive
567,neutral
568,neutral
569,neutral
570,neutral
571,neutral
572,positive
573,positive
574,neutral
575,neutral
576,neutral
577,positive
578,positive
579,positive
580,neutral
581,neutral
582,positive
583,neutral
584,neutral
585,positive
586,positive
587,positive
588,positive
589,neutral
590,neutral
591,neutral
592,positive
593,positive
594,neutral
595,neutral
596,positive
597,positive
598,neutral
599,neutral
600,neutral
601,positive
602,positive
603,neutral
604,neutral
605,positive
606,positive
607,positive
608,neutral
609,positive
610,positive
611,positive
612,neutral
613,positive
614,neutral
615,positive
616,neutral
617,positive
618,positive
619,positive
620,positive
621,neutral
622,positive
623,positive
624,positive
625,neutral
626,neutral
627,neutral
628,neutral
629,positive
630,neutral
631,neutral
632,positive
633,neutral
634,neutral
635,neutral
636,positive
637,positive
638,positive
639,neutral
640,positive
641,neutral
642,neutral
643,neutral
644,positive
645,positive
646,neutral
647,positive
648,positive
649,neutral
650,neutral
651,positive
652,positive
653,neutral
654,positive
655,neutral
656,positive
657,positive
658,neutral
659,neutral
660,positive
661,neutral
662,positive
663,positive
664,positive
665,neutral
666,positive
667,positive
668,positive
669,positive
670,positive
671,neutral
672,positive
673,positive
674,positive
675,positive
676,neutral
677,neutral
678,neutral
679,neutral
680,positive
681,positive
682,positive
683,positive
684,positive
685,positive
686,neutral
687,positive
688,neutral
689,positive
690,positive
691,neutral
692,neutral
693,positive
694,positive
695,neutral
696,positive
697,neutral
698,positive
699,neutral
700,neutral
701,positive
702,neutral
703,neutral
704,positive
705,positive
706,neutral
707,neutral
708,positive
709,positive
710,neutral
711,positive
712,positive
713,neutral
714,positive
715,neutral
716,positive
717,neutral
718,positive
719,positive
720,positive
721,neutral
722,positive
723,neutral
724,positive
725,positive
726,positive
727,positive
728,neutral
729,positive
730,neutral
731,neutral
732,neutral
733,positive
734,neutral
735,neutral
736,positive
737,positive
738,positive
739,positive
740,neutral
741,positive
742,neutral
743,positive
744,neutral
745,neutral
746,positive
747,neutral
748,positive
749,positive
750,neutral
751,positive
752,neutral
753,neutral
754,positive
755,neutral
756,neutral
757,neutral
758,neutral
759,neutral
760,positive
761,neutral
762,neutral
763,neutral
764,neutral
765,neutral
766,neutral
767,positive
768,positive
769,neutral
770,positive
771,positive
772,positive
773,positive
774,neutral
775,neutral
776,positive
777,neutral
778,neutral
779,positive
780,neutral
781,positive
782,positive
783,positive
784,neutral
785,neutral
786,neutral
787,neutral
788,neutral
789,positive
790,positive
791,positive
792,neutral
793,positive
794,neutral
795,positive
796,neutral
797,neutral
798,neutral
799,neutral
800,positive
801,neutral
802,neutral
803,neutral
804,neutral
805,neutral
806,neutral
807,neutral
808,neutral
809,neutral
810,neutral
811,positive
812,neutral
813,neutral
814,neutral
815,positive
816,neutral
817,neutral
818,positive
819,neutral
820,positive
821,positive
822,neutral
823,positive
824,positive
825,positive
826,positive
827,positive
828,positive
829,neutral
830,neutral
831,positive
832,neutral
833,positive
834,neutral
835,neutral
836,positive
837,neutral
838,positive
839,positive
840,neutral
841,neutral
842,neutral
843,positive
844,neutral
845,neutral
846,neutral
847,positive
848,neutral
849,positive
850,positive
851,positive
852,neutral
853,positive
854,positive
855,neutral
856,positive
857,neutral
858,neutral
859,neutral
860,positive
861,neutral
862,neutral
863,neutral
864,neutral
865,neutral
866,neutral
867,positive
868,positive
869,positive
870,neutral
871,neutral
872,positive
873,positive
874,positive
875,positive
876,neutral
877,neutral
878,positive
879,positive
880,positive
881,positive
882,neutral
883,positive
884,neutral
885,neutral
886,positive
887,positive
888,positive
889,positive
890,positive
891,positive
892,neutral
893,neutral
894,neutral
895,positive
896,neutral
897,neutral
898,positive
899,neutral
900,positive
901,positive
902,neutral
903,positive
904,positive
905,positive
906,neutral
907,positive
908,positive
909,neutral
910,neutral
911,positive
912,neutral
913,neutral
914,neutral
915,positive
916,positive
917,neutral
918,positive
919,neutral
920,neutral
921,positive
922,neutral
923,neutral
924,neutral
925,neutral
926,neutral
927,positive
928,positive
929,positive
930,positive
931,neutral
932,positive
933,positive
934,positive
935,neutral
936,positive
937,neutral
938,positive
939,positive
940,positive
941,neutral
942,positive
943,neutral
944,positive
945,neutral
946,positive
947,positive
948,positive
949,neutral
950,neutral
951,positive
952,positive
953,positive
954,positive
955,neutral
956,neutral
957,positive
958,positive
959,neutral
960,positive
961,positive
962,neutral
963,positive
964,neutral
965,positive
966,positive
967,positive
968,positive
969,neutral
970,positive
971,positive
972,neutral
973,positive
974,neutral
975,neutral
976,positive
977,neutral
978,neutral
979,neutral
980,positive
981,neutral
982,positive
983,neutral
984,positive
985,positive
986,positive
987,positive
988,positive
989,neutral
990,positive
991,positive
992,neutral
993,neutral
994,neutral
995,neutral
996,positive
997,positive
998,positive
999,neutral
1000,neutral
1001,neutral
1002,neutral
1003,positive
1004,positive
1005,positive
1006,neutral
1007,positive
1008,positive
1009,positive
1010,neutral
1011,positive
1012,neutral
1013,neutral
1014,neutral
1015,neutral
1016,positive
1017,neutral
1018,positive
1019,neutral
1020,neutral
1021,positive
1022,neutral
1023,positive
1024,positive
1025,neutral
1026,positive
1027,positive
1028,neutral
1029,positive
1030,positive
1031,neutral
1032,neutral
1033,positive
1034,neutral
1035,neutral
1036,positive
1037,neutral
1038,positive
1039,neutral
1040,neutral
1041,positive
1042,neutral
1043,positive
1044,positive
1045,neutral
1046,positive
1047,positive
1048,positive
1049,positive
1050,positive
1051,positive
1052,neutral
1053,positive
1054,positive
1055,positive
1056,positive
1057,neutral
1058,positive
1059,neutral
1060,positive
1061,positive
1062,neutral
1063,neutral
1064,positive
1065,neutral
1066,neutral
1067,positive
1068,neutral
1069,positive
1070,positive
1071,positive
1072,neutral
1073,positive
1074,neutral
1075,positive
1076,positive
1077,neutral
1078,positive
1079,neutral
1080,neutral
1081,neutral
1082,neutral
1083,positive
1084,neutral
1085,neutral
1086,positive
1087,positive
1088,neutral
1089,positive
1090,neutral
1091,positive
1092,neutral
1093,positive
1094,neutral
1095,positive
1096,neutral
1097,positive
1098,positive
1099,positive
1100,positive
1101,positive
1102,neutral
1103,neutral
1104,positive
1105,neutral
1106,positive
1107,positive
1108,neutral
1109,positive
1110,neutral
1111,positive
1112,neutral
1113,positive
1114,positive
1115,positive
1116,positive
1117,neutral
1118,positive
1119,neutral
1120,positive
1121,neutral
1122,neutral
1123,neutral
1124,neutral
1125,positive
1126,neutral
1127,positive
1128,positive
1129,neutral
1130,neutral
1131,neutral
1132,neutral
1133,neutral
1134,neutral
1135,positive
1136,neutral
1137,neutral
1138,neutral
1139,positive
1140,positive
1141,positive
1142,neutral
1143,neutral
1144,positive
1145,positive
1146,neutral
1147,neutral
1148,neutral
1149,positive
1150,positive
1151,positive
1152,neutral
1153,positive
1154,positive
1155,positive
1156,neutral
1157,positive
1158,positive
1159,positive
1160,neutral
1161,positive
1162,positive
1163,positive
1164,neutral
1165,neutral
1166,neutral
1167,positive
1168,neutral
1169,positive
1170,positive
1171,positive
1172,positive
1173,positive
1174,positive
1175,neutral
1176,positive
1177,neutral
1178,positive
1179,neutral
1180,positive
1181,positive
1182,neutral
1183,neutral
1184,neutral
1185,positive
1186,positive
1187,positive
1188,positive
1189,positive
1190,positive
1191,positive
1192,positive
1193,positive
1194,positive
1195,neutral
1196,positive
1197,positive
1198,neutral
1199,positive
1200,positive
1201,positive
1202,neutral
1203,positive
1204,positive
1205,positive
1206,positive
1207,neutral
1208,positive
1209,positive
1210,neutral
1211,positive
1212,positive
1213,positive
1214,neutral
1215,neutral
1216,positive
1217,neutral
1218,neutral
1219,positive
1220,neutral
1221,positive
1222,positive
1223,neutral
1224,neutral
1225,positive
1226,neutral
1227,positive
1228,positive
1229,positive
1230,neutral
1231,neutral
1232,neutral
1233,positive
1234,neutral
1235,positive
1236,positive
1237,positive
1238,neutral
1239,neutral
1240,neutral
1241,neutral
1242,positive
1243,positive
1244,neutral
1245,neutral
1246,positive
1247,neutral
1248,neutral
1249,neutral
1250,neutral
1251,neutral
1252,neutral
1253,neutral
1254,positive
1255,neutral
1256,positive
1257,neutral
1258,positive
1259,neutral
1260,neutral
1261,positive
1262,positive
1263,neutral
1264,neutral
1265,neutral
1266,neutral
1267,positive
1268,neutral
1269,positive
1270,positive
1271,positive
1272,neutral
1273,neutral
1274,neutral
1275,positive
1276,positive
1277,positive
1278,neutral
1279,positive
1280,neutral
1281,neutral
1282,neutral
1283,positive
1284,positive
1285,neutral
1286,neutral
1287,positive
1288,neutral
1289,positive
1290,positive
1291,positive
1292,neutral
1293,positive
1294,positive
1295,positive
1296,positive
1297,positive
1298,neutral
1299,positive
1300,positive
1301,neutral
1302,neutral
1303,positive
1304,neutral
1305,neutral
1306,positive
1307,positive
1308,neutral
1309,positive
1310,neutral
1311,neutral
1312,neutral
1313,neutral
1314,neutral
1315,positive
1316,positive
1317,neutral
1318,neutral
1319,neutral
1320,neutral
1321,neutral
1322,neutral
1323,neutral
1324,positive
1325,neutral
1326,neutral
1327,neutral
1328,neutral
1329,neutral
1330,neutral
1331,neutral
1332,neutral
1333,positive
1334,neutral
1335,positive
1336,neutral
1337,positive
1338,neutral
1339,neutral
1340,positive
1341,neutral
1342,positive
1343,neutral
1344,neutral
1345,neutral
1346,neutral
1347,neutral
1348,positive
1349,positive
1350,positive
1351,neutral
1352,positive
1353,positive
1354,neutral
1355,positive
1356,positive
1357,neutral
1358,positive
1359,positive
1360,positive
1361,neutral
1362,positive
1363,positive
1364,neutral
1365,neutral
1366,neutral
1367,neutral
1368,neutral
1369,neutral
1370,positive
1371,neutral
1372,neutral
1373,positive
1374,positive
1375,positive
1376,neutral
1377,neutral
1378,positive
1379,positive
1380,positive
1381,neutral
1382,neutral
1383,neutral
1384,positive
1385,neutral
1386,neutral
1387,positive
1388,neutral
1389,neutral
1390,neutral
1391,positive
1392,neutral
1393,neutral
1394,positive
1395,positive
1396,positive
1397,neutral
1398,neutral
1399,positive
1400,neutral
1401,positive
1402,positive
1403,positive
1404,positive
1405,positive
1406,neutral
1407,neutral
1408,positive
1409,neutral
1410,neutral
1411,neutral
1412,positive
1413,neutral
1414,positive
1415,neutral
1416,positive
1417,positive
1418,positive
1419,neutral
1420,neutral
1421,neutral
1422,neutral
1423,neutral
1424,positive
1425,positive
1426,neutral
1427,positive
1428,neutral
1429,neutral
1430,positive
1431,positive
1432,positive
1433,neutral
1434,positive
1435,positive
1436,neutral
1437,neutral
1438,positive
1439,positive
1440,positive
1441,neutral
1442,neutral
1443,neutral
1444,neutral
1445,neutral
1446,neutral
1447,positive
1448,positive
1449,positive
1450,neutral
1451,neutral
1452,positive
1453,neutral
1454,positive
1455,neutral
1456,neutral
1457,neutral
1458,positive
1459,neutral
1460,neutral
1461,neutral
1462,neutral
1463,neutral
1464,neutral
1465,neutral
1466,neutral
1467,positive
1468,neutral
1469,positive
1470,positive
1471,neutral
1472,neutral
1473,neutral
1474,positive
1475,neutral
1476,neutral
1477,neutral
1478,positive
1479,neutral
1480,neutral
1481,neutral
1482,positive
1483,positive
1484,positive
1485,neutral
1486,positive
1487,positive
1488,positive
1489,neutral
1490,neutral
1491,positive
1492,neutral
1493,positive
1494,positive
1495,neutral
1496,neutral
1497,positive
1498,positive
1499,positive
1500,positive
1501,positive
1502,neutral
1503,positive
1504,neutral
1505,neutral
1506,neutral
1507,positive
1508,positive
1509,neutral
1510,positive
1511,neutral
1512,neutral
1513,neutral
1514,positive
1515,neutral
1516,positive
1517,neutral
1518,positive
1519,positive
1520,positive
1521,positive
1522,positive
1523,neutral
1524,neutral
1525,neutral
1526,neutral
1527,neutral
1528,neutral
1529,neutral
1530,positive
1531,positive
1532,neutral
1533,positive
1534,positive
1535,neutral
1536,positive
1537,neutral
1538,positive
1539,positive
1540,neutral
1541,neutral
1542,neutral
1543,positive
1544,neutral
1545,neutral
1546,positive
1547,positive
1548,neutral
1549,neutral
1550,positive
1551,positive
1552,neutral
1553,positive
1554,positive
1555,positive
1556,positive
1557,positive
1558,neutral
1559,positive
1560,positive
1561,positive
1562,neutral
1563,positive
1564,positive
1565,neutral
1566,positive
1567,neutral
1568,positive
1569,neutral
1570,positive
1571,neutral
1572,neutral
1573,positive
1574,positive
1575,neutral
1576,neutral
1577,positive
1578,neutral
1579,positive
1580,positive
1581,positive
1582,neutral
1583,neutral
1584,neutral
1585,neutral
1586,neutral
1587,neutral
1588,neutral
1589,positive
1590,neutral
1591,neutral
1592,neutral
1593,neutral
1594,positive
1595,positive
1596,neutral
1597,positive
1598,positive
1599,positive
1600,neutral
1601,positive
1602,positive
1603,positive
1604,positive
1605,neutral
1606,positive
1607,positive
1608,positive
1609,neutral
1610,neutral
1611,neutral
1612,neutral
1613,neutral
1614,neutral
1615,neutral
1616,neutral
1617,positive
1618,neutral
1619,positive
1620,positive
1621,neutral
1622,positive
1623,neutral
1624,neutral
1625,neutral
1626,neutral
1627,neutral
1628,positive
1629,neutral
1630,neutral
1631,positive
1632,neutral
1633,positive
1634,positive
1635,positive
1636,neutral
1637,neutral
1638,positive
1639,neutral
1640,neutral
1641,positive
1642,neutral
1643,positive
1644,positive
1645,neutral
1646,neutral
1647,positive
1648,positive
1649,neutral
1650,positive
1651,positive
1652,neutral
1653,positive
1654,positive
1655,positive
1656,neutral
1657,neutral
1658,neutral
1659,neutral
1660,neutral
1661,neutral
1662,positive
1663,neutral
1664,positive
1665,positive
1666,neutral
1667,neutral
1668,neutral
1669,neutral
1670,positive
1671,positive
1672,neutral
1673,neutral
1674,neutral
1675,neutral
1676,neutral
1677,neutral
1678,positive
1679,positive
1680,positive
1681,neutral
1682,positive
1683,positive
1684,positive
1685,positive
1686,positive
1687,positive
1688,neutral
1689,neutral
1690,positive
1691,neutral
1692,positive
1693,positive
1694,positive
1695,neutral
1696,neutral
1697,positive
1698,positive
1699,neutral
1700,neutral
1701,positive
1702,positive
1703,neutral
1704,neutral
1705,neutral
1706,positive
1707,neutral
1708,neutral
1709,positive
1710,neutral
1711,positive
1712,positive
1713,positive
1714,positive
1715,neutral
1716,neutral
1717,positive
1718,positive
1719,positive
1720,positive
1721,positive
1722,neutral
1723,neutral
1724,positive
1725,positive
1726,positive
1727,neutral
1728,positive
1729,neutral
1730,neutral
1731,positive
1732,neutral
1733,positive
1734,neutral
1735,positive
1736,neutral
1737,neutral
1738,positive
1739,neutral
1740,neutral
1741,neutral
1742,positive
1743,positive
1744,neutral
1745,positive
1746,positive
1747,neutral
1748,positive
1749,neutral
1750,neutral
1751,neutral
1752,neutral
1753,neutral
1754,positive
1755,positive
1756,neutral
1757,neutral
1758,positive
1759,neutral
1760,neutral
1761,neutral
1762,positive
1763,positive
1764,positive
1765,positive
1766,neutral
1767,neutral
1768,neutral
1769,positive
1770,positive
1771,positive
1772,positive
1773,positive
1774,positive
1775,positive
1776,neutral
1777,positive
1778,neutral
1779,positive
1780,positive
1781,neutral
1782,positive
1783,positive
1784,neutral
1785,neutral
1786,neutral
1787,neutral
1788,positive
1789,neutral
1790,neutral
1791,neutral
1792,positive
1793,positive
1794,positive
1795,neutral
1796,neutral
1797,neutral
1798,neutral
1799,positive
1800,neutral
1801,neutral
1802,neutral
1803,neutral
1804,positive
1805,neutral
1806,neutral
1807,neutral
1808,neutral
1809,positive
1810,neutral
1811,neutral
1812,neutral
1813,neutral
1814,positive
1815,positive
1816,neutral
1817,positive
1818,neutral
1819,positive
1820,neutral
1821,neutral
1822,neutral
1823,neutral
1824,positive
1825,positive
1826,positive
1827,positive
1828,neutral
1829,neutral
1830,positive
1831,neutral
1832,neutral
1833,neutral
1834,neutral
1835,positive
1836,neutral
1837,neutral
1838,positive
1839,neutral
1840,neutral
1841,neutral
1842,positive
1843,neutral
1844,neutral
1845,positive
1846,neutral
1847,positive
1848,neutral
1849,neutral
1850,positive
1851,neutral
1852,neutral
1853,neutral
1854,positive
1855,positive
1856,neutral
1857,neutral
1858,positive
1859,positive
1860,neutral
1861,neutral
1862,positive
1863,neutral
1864,neutral
1865,positive
1866,positive
1867,neutral
1868,neutral
1869,neutral
1870,positive
1871,positive
1872,positive
1873,neutral
1874,neutral
1875,neutral
1876,neutral
1877,positive
1878,positive
1879,positive
1880,positive
1881,positive
1882,positive
1883,neutral
1884,positive
1885,neutral
1886,positive
1887,positive
1888,neutral
1889,neutral
1890,positive
1891,positive
1892,neutral
1893,neutral
1894,positive
1895,neutral
1896,positive
1897,neutral
1898,positive
1899,positive
1900,neutral
1901,positive
1902,neutral
1903,neutral
1904,neutral
1905,positive
1906,neutral
1907,positive
1908,positive
1909,neutral
1910,neutral
1911,positive
1912,positive
1913,positive
1914,neutral
1915,neutral
1916,positive
1917,positive
1918,neutral
1919,neutral
1920,positive
1921,neutral
1922,positive
1923,positive
1924,positive
1925,positive
1926,neutral
1927,positive
1928,positive
1929,positive
1930,positive
1931,positive
1932,neutral
1933,neutral
1934,positive
1935,neutral
1936,positive
1937,neutral
1938,positive
1939,neutral
1940,neutral
1941,neutral
1942,neutral
1943,positive
1944,neutral
1945,neutral
1946,positive
1947,neutral
1948,neutral
1949,neutral
1950,neutral
1951,neutral
1952,neutral
1953,positive
1954,neutral
1955,positive
1956,neutral
1957,neutral
1958,positive
1959,neutral
1960,positive
1961,neutral
1962,neutral
1963,neutral
1964,positive
1965,positive
1966,positive
1967,neutral
1968,neutral
1969,neutral
1970,positive
1971,neutral
1972,neutral
1973,neutral
1974,positive
1975,positive
1976,neutral
1977,positive
1978,neutral
1979,positive
1980,neutral
1981,positive
1982,neutral
1983,positive
1984,neutral
1985,neutral
1986,neutral
1987,neutral
1988,positive
1989,positive
1990,neutral
1991,positive
1992,positive
1993,neutral
1994,neutral
1995,neutral
1996,neutral
1997,neutral
1998,positive
1999,neutral
2000,neutral
2001,neutral
2002,positive
2003,neutral
2004,positive
2005,neutral
2006,neutral
2007,neutral
2008,positive
2009,positive
2010,neutral
2011,neutral
2012,positive
2013,neutral
2014,positive
2015,positive
2016,neutral
2017,neutral
2018,positive
2019,neutral
2020,positive
2021,positive
2022,neutral
2023,positive
2024,neutral
2025,neutral
2026,neutral
2027,positive
2028,neutral
2029,positive
2030,positive
2031,positive
2032,neutral
2033,neutral
2034,positive
2035,positive
2036,neutral
2037,neutral
2038,positive
2039,neutral
2040,positive
2041,neutral
2042,neutral
2043,neutral
2044,positive
2045,neutral
2046,positive
2047,positive
2048,positive
2049,positive
2050,neutral
2051,positive
2052,neutral
2053,neutral
2054,positive
2055,neutral
2056,positive
2057,positive
2058,positive
2059,positive
2060,positive
2061,positive
2062,positive
2063,neutral
2064,neutral
2065,neutral
2066,positive
2067,neutral
2068,neutral
2069,positive
2070,positive
2071,positive
2072,neutral
2073,positive
2074,neutral
2075,positive
2076,neutral
2077,positive
2078,positive
2079,neutral
2080,neutral
2081,positive
2082,neutral
2083,neutral
2084,neutral
2085,positive
2086,positive
2087,positive
2088,positive
2089,neutral
2090,neutral
2091,positive
2092,neutral
2093,positive
2094,positive
2095,neutral
2096,neutral
2097,positive
2098,positive
2099,positive
2100,positive
2101,positive
2102,neutral
2103,neutral
2104,positive
2105,positive
2106,positive
2107,positive
2108,positive
2109,neutral
2110,positive
2111,positive
2112,positive
2113,neutral
2114,positive
2115,positive
2116,neutral
2117,neutral
2118,positive
2119,positive
2120,positive
2121,positive
2122,neutral
2123,neutral
2124,positive
2125,positive
2126,neutral
2127,neutral
2128,neutral
2129,neutral
2130,neutral
2131,neutral
2132,positive
2133,positive
2134,positive
2135,positive
2136,positive
2137,neutral
2138,neutral
2139,positive
2140,neutral
2141,neutral
2142,positive
2143,neutral
2144,positive
2145,neutral
2146,positive
2147,neutral
2148,positive
2149,neutral
2150,positive
2151,neutral
2152,positive
2153,positive
2154,neutral
2155,positive
2156,neutral
2157,neutral
2158,positive
2159,neutral
2160,positive
2161,positive
2162,positive
2163,neutral
2164,neutral
2165,positive
2166,neutral
2167,neutral
2168,neutral
2169,neutral
2170,neutral
2171,positive
2172,positive
2173,positive
2174,neutral
2175,positive
2176,positive
2177,neutral
2178,neutral
2179,positive
2180,positive
2181,positive
2182,neutral
2183,neutral
2184,positive
2185,positive
2186,positive
2187,positive
2188,positive
2189,positive
2190,neutral
2191,positive
2192,positive
2193,neutral
2194,neutral
2195,neutral
2196,positive
2197,positive
2198,neutral
2199,neutral
2200,neutral
2201,neutral
2202,neutral
2203,positive
2204,neutral
2205,neutral
2206,neutral
2207,neutral
2208,neutral
2209,positive
2210,neutral
2211,neutral
2212,positive
2213,neutral
2214,neutral
2215,positive
2216,neutral
2217,neutral
2218,neutral
2219,positive
2220,neutral
2221,positive
2222,positive
2223,positive
2224,positive
2225,neutral
2226,positive
2227,neutral
2228,neutral
2229,neutral
2230,neutral
2231,positive
2232,positive
2233,neutral
2234,neutral
2235,neutral
2236,neutral
2237,positive
2238,neutral
2239,positive
2240,positive
2241,neutral
2242,neutral
2243,positive
2244,positive
2245,positive
2246,positive
2247,neutral
2248,neutral
2249,neutral
2250,neutral
2251,positive
2252,positive
2253,neutral
2254,neutral
2255,neutral
2256,positive
2257,positive
2258,neutral
2259,neutral
2260,neutral
2261,positive
2262,neutral
2263,neutral
2264,neutral
2265,neutral
2266,positive
2267,positive
2268,positive
2269,neutral
2270,neutral
2271,neutral
2272,neutral
2273,neutral
2274,positive
2275,neutral
2276,positive
2277,neutral
2278,positive
2279,neutral
2280,neutral
2281,positive
2282,positive
2283,positive
2284,positive
2285,neutral
2286,positive
2287,positive
2288,positive
2289,neutral
2290,neutral
2291,positive
2292,neutral
2293,neutral
2294,neutral
2295,neutral
2296,neutral
2297,neutral
2298,positive
2299,positive
2300,positive
2301,neutral
2302,neutral
2303,positive
2304,neutral
2305,neutral
2306,positive
2307,neutral
2308,neutral
2309,positive
2310,positive
2311,neutral
2312,neutral
2313,neutral
2314,neutral
2315,neutral
2316,positive
2317,positive
2318,neutral
2319,positive
2320,neutral
2321,neutral
2322,positive
2323,neutral
2324,positive
2325,positive
2326,neutral
2327,positive
2328,neutral
2329,positive
2330,positive
2331,neutral
2332,neutral
2333,positive
2334,neutral
2335,positive
2336,neutral
2337,neutral
2338,neutral
2339,positive
2340,neutral
2341,positive
2342,positive
2343,neutral
2344,positive
2345,positive
2346,neutral
2347,positive
2348,positive
2349,positive
2350,positive
2351,positive
2352,positive
2353,neutral
2354,positive
2355,neutral
2356,positive
2357,positive
2358,positive
2359,positive
2360,neutral
2361,neutral
2362,neutral
2363,neutral
2364,neutral
2365,neutral
2366,positive
2367,neutral
2368,positive
2369,neutral
2370,positive
2371,positive
2372,neutral
2373,neutral
2374,neutral
2375,neutral
2376,neutral
2377,positive
2378,neutral
2379,positive
2380,positive
2381,neutral
2382,neutral
2383,neutral
2384,neutral
2385,neutral
2386,positive
2387,neutral
2388,positive
2389,positive
2390,positive
2391,neutral
2392,neutral
2393,positive
2394,positive
2395,neutral
2396,positive
2397,neutral
2398,positive
2399,positive
2400,positive
2401,neutral
2402,neutral
2403,positive
2404,neutral
2405,positive
2406,neutral
2407,neutral
2408,positive
2409,neutral
2410,positive
2411,positive
2412,positive
2413,positive
2414,positive
2415,neutral
2416,neutral
2417,neutral
2418,positive
2419,positive
2420,neutral
2421,neutral
2422,positive
2423,positive
2424,neutral
2425,neutral
2426,neutral
2427,neutral
2428,neutral
2429,positive
2430,neutral
2431,neutral
2432,positive
2433,positive
2434,neutral
2435,positive
2436,neutral
2437,positive
2438,positive
2439,neutral
2440,positive
2441,neutral
2442,positive
2443,positive
2444,neutral
2445,neutral
2446,positive
2447,neutral
2448,neutral
2449,neutral
2450,positive
2451,neutral
2452,neutral
2453,positive
2454,positive
2455,neutral
2456,neutral
2457,positive
2458,positive
2459,positive
2460,positive
2461,neutral
2462,neutral
2463,neutral
2464,neutral
2465,neutral
2466,positive
2467,positive
2468,positive
2469,positive
2470,positive
2471,positive
2472,neutral
2473,positive
2474,positive
2475,positive
2476,neutral
2477,neutral
2478,positive
2479,neutral
2480,neutral
2481,positive
2482,positive
2483,neutral
2484,neutral
2485,positive
2486,positive
2487,positive
2488,neutral
2489,positive
2490,neutral
2491,positive
2492,positive
2493,neutral
2494,positive
2495,neutral
2496,neutral
2497,neutral
2498,neutral
2499,positive
2500,neutral
2501,positive
2502,positive
2503,neutral
2504,neutral
2505,neutral
2506,neutral
2507,neutral
2508,positive
2509,positive
2510,neutral
2511,neutral
2512,neutral
2513,neutral
2514,neutral
2515,positive
2516,neutral
2517,positive
2518,neutral
2519,positive
2520,neutral
2521,positive
2522,neutral
2523,neutral
2524,neutral
2525,positive
2526,neutral
2527,positive
2528,neutral
2529,neutral
2530,positive
2531,positive
2532,positive
2533,neutral
2534,neutral
2535,neutral
2536,neutral
2537,neutral
2538,neutral
2539,neutral
2540,neutral
2541,positive
2542,neutral
2543,positive
2544,neutral
2545,neutral
2546,neutral
2547,positive
2548,positive
2549,neutral
2550,positive
2551,neutral
2552,neutral
2553,positive
2554,neutral
2555,positive
2556,positive
2557,neutral
2558,positive
2559,neutral
2560,neutral
2561,positive
2562,neutral
2563,positive
2564,positive
2565,positive
2566,neutral
2567,neutral
2568,positive
2569,positive
2570,neutral
2571,neutral
2572,neutral
2573,neutral
2574,positive
2575,neutral
2576,neutral
2577,neutral
2578,positive
2579,positive
2580,neutral
2581,positive
2582,positive
2583,positive
2584,neutral
2585,positive
2586,positive
2587,neutral
2588,positive
2589,positive
2590,positive
2591,positive
2592,positive
2593,positive
2594,positive
2595,neutral
2596,positive
2597,neutral
2598,positive
2599,neutral
2600,neutral
2601,positive
2602,neutral
2603,positive
2604,neutral
2605,neutral
2606,neutral
2607,neutral
2608,neutral
2609,neutral
2610,positive
2611,positive
2612,positive
2613,neutral
2614,neutral
2615,positive
2616,positive
2617,positive
2618,positive
2619,neutral
2620,positive
2621,positive
2622,positive
2623,positive
2624,positive
2625,positive
2626,neutral
2627,positive
2628,neutral
2629,neutral
2630,positive
2631,positive
2632,neutral
2633,positive
2634,neutral
2635,neutral
2636,neutral
2637,positive
2638,neutral
2639,neutral
2640,positive
2641,neutral
2642,neutral
2643,positive
2644,positive
2645,neutral
2646,neutral
2647,neutral
2648,neutral
2649,positive
2650,positive
2651,positive
2652,positive
2653,positive
2654,positive
2655,neutral
2656,positive
2657,neutral
2658,neutral
2659,positive
2660,positive
2661,positive
2662,positive
2663,neutral
2664,positive
2665,positive
2666,positive
2667,positive
2668,positive
2669,positive
2670,positive
2671,neutral
2672,positive
2673,positive
2674,positive
2675,neutral
2676,neutral
2677,neutral
2678,neutral
2679,positive
2680,positive
2681,positive
2682,positive
2683,neutral
2684,neutral
2685,positive
2686,positive
2687,neutral
2688,positive
2689,neutral
2690,neutral
2691,positive
2692,neutral
2693,neutral
2694,neutral
2695,neutral
2696,positive
2697,positive
2698,positive
2699,neutral
2700,neutral
2701,positive
2702,neutral
2703,neutral
2704,positive
2705,positive
2706,positive
2707,positive
2708,neutral
2709,positive
2710,neutral
2711,neutral
2712,neutral
2713,positive
2714,neutral
2715,positive
2716,neutral
2717,positive
2718,positive
2719,positive
2720,neutral
2721,positive
2722,positive
2723,neutral
2724,neutral
2725,neutral
2726,positive
2727,positive
2728,neutral
2729,positive
2730,neutral
2731,positive
2732,neutral
2733,positive
2734,neutral
2735,positive
2736,neutral
2737,positive
2738,neutral
2739,neutral
2740,neutral
2741,positive
2742,positive
2743,neutral
2744,positive
2745,neutral
2746,neutral
2747,neutral
2748,neutral
2749,neutral
2750,neutral
2751,neutral
2752,positive
2753,positive
2754,neutral
2755,neutral
2756,neutral
2757,positive
2758,neutral
2759,neutral
2760,positive
2761,neutral
2762,positive
2763,neutral
2764,neutral
2765,positive
2766,neutral
2767,neutral
2768,neutral
2769,neutral
2770,neutral
2771,positive
2772,neutral
2773,neutral
2774,neutral
2775,positive
2776,positive
2777,positive
2778,positive
2779,positive
2780,neutral
2781,neutral
2782,neutral
2783,neutral
2784,positive
2785,neutral
2786,neutral
2787,neutral
2788,neutral
2789,neutral
2790,neutral
2791,positive
2792,positive
2793,neutral
2794,neutral
2795,positive
2796,neutral
2797,positive
2798,neutral
2799,neutral
2800,positive
2801,neutral
2802,neutral
2803,neutral
2804,positive
2805,neutral
2806,positive
2807,neutral
2808,neutral
2809,positive
2810,neutral
2811,positive
2812,neutral
2813,neutral
2814,neutral
2815,positive
2816,positive
2817,positive
2818,positive
2819,neutral
2820,neutral
2821,neutral
2822,neutral
2823,neutral
2824,neutral
2825,positive
2826,positive
2827,neutral
2828,neutral
2829,neutral
2830,positive
2831,neutral
2832,positive
2833,neutral
2834,neutral
2835,positive
2836,neutral
2837,neutral
2838,positive
2839,neutral
2840,neutral
2841,neutral
2842,positive
2843,positive
2844,positive
2845,positive
2846,positive
2847,neutral
2848,positive
2849,neutral
2850,neutral
2851,positive
2852,neutral
2853,neutral
2854,positive
2855,positive
2856,positive
2857,neutral
2858,positive
2859,neutral
2860,neutral
2861,neutral
2862,positive
2863,neutral
2864,neutral
2865,positive
2866,positive
2867,positive
2868,positive
2869,positive
2870,neutral
2871,neutral
2872,positive
2873,positive
2874,neutral
2875,positive
2876,positive
2877,positive
2878,neutral
2879,neutral
2880,neutral
2881,positive
2882,neutral
2883,neutral
2884,neutral
2885,neutral
2886,positive
2887,positive
2888,positive
2889,positive
2890,neutral
2891,positive
2892,positive
2893,positive
2894,positive
2895,positive
2896,neutral
2897,positive
2898,neutral
2899,neutral
2900,neutral
2901,positive
2902,neutral
2903,neutral
2904,positive
2905,positive
2906,neutral
2907,positive
2908,neutral
2909,neutral
2910,positive
2911,positive
2912,positive
2913,positive
2914,positive
2915,positive
2916,positive
2917,positive
2918,positive
2919,positive
2920,neutral
2921,positive
2922,positive
2923,neutral
2924,positive
2925,neutral
2926,positive
2927,positive
2928,positive
2929,neutral
2930,positive
2931,neutral
2932,positive
2933,positive
2934,neutral
2935,positive
2936,neutral
2937,neutral
2938,positive
2939,positive
2940,neutral
2941,positive
2942,neutral
2943,positive
2944,neutral
2945,neutral
2946,neutral
2947,neutral
2948,positive
2949,neutral
2950,positive
2951,neutral
2952,neutral
2953,positive
2954,positive
2955,positive
2956,positive
2957,positive
2958,positive
2959,neutral
2960,neutral
2961,positive
2962,neutral
2963,neutral
2964,positive
2965,positive
2966,neutral
2967,positive
2968,positive
2969,positive
2970,neutral
2971,positive
2972,neutral
2973,neutral
2974,positive
2975,neutral
2976,neutral
2977,neutral
2978,neutral
2979,positive
2980,positive
2981,neutral
2982,neutral
2983,neutral
2984,neutral
2985,positive
2986,neutral
2987,positive
2988,positive
2989,positive
2990,neutral
2991,neutral
2992,neutral
2993,neutral
2994,positive
2995,neutral
2996,neutral
2997,neutral
2998,positive
2999,positive
3000,positive
3001,neutral
3002,positive
3003,neutral
3004,positive
3005,positive
3006,neutral
3007,positive
3008,neutral
3009,neutral
3010,neutral
3011,positive
3012,neutral
3013,positive
3014,neutral
3015,positive
3016,positive
3017,neutral
3018,neutral
3019,positive
3020,positive
3021,neutral
3022,positive
3023,neutral
3024,neutral
3025,neutral
3026,positive
3027,neutral
3028,positive
3029,neutral
3030,positive
3031,neutral
3032,positive
3033,positive
3034,positive
3035,neutral
3036,neutral
3037,neutral
3038,positive
3039,neutral
3040,positive
3041,neutral
3042,positive
3043,positive
3044,positive
3045,positive
3046,positive
3047,positive
3048,positive
3049,positive
3050,neutral
3051,positive
3052,positive
3053,positive
3054,neutral
3055,neutral
3056,positive
3057,positive
3058,positive
3059,neutral
3060,neutral
3061,positive
3062,neutral
3063,positive
3064,positive
3065,neutral
3066,positive
3067,positive
3068,positive
3069,neutral
3070,neutral
3071,positive
3072,positive
3073,positive
3074,neutral
3075,positive
3076,positive
3077,neutral
3078,positive
3079,positive
3080,neutral
3081,positive
3082,neutral
3083,neutral
3084,neutral
3085,neutral
3086,positive
3087,neutral
3088,neutral
3089,positive
3090,positive
3091,positive
3092,neutral
3093,positive
3094,neutral
3095,positive
3096,positive
3097,positive
3098,neutral
3099,positive
3100,neutral
3101,positive
3102,neutral
3103,neutral
3104,positive
3105,neutral
3106,neutral
3107,positive
3108,positive
3109,neutral
3110,positive
3111,neutral
3112,neutral
3113,positive
3114,neutral
3115,positive
3116,positive
3117,positive
3118,neutral
3119,neutral
3120,positive
3121,positive
3122,neutral
3123,positive
3124,neutral
3125,neutral
3126,positive
3127,neutral
3128,positive
3129,positive
3130,positive
3131,positive
3132,neutral
3133,neutral
3134,neutral
3135,neutral
3136,positive
3137,positive
3138,neutral
3139,positive
3140,positive
3141,neutral
3142,positive
3143,positive
3144,positive
3145,neutral
3146,positive
3147,neutral
3148,positive
3149,neutral
3150,neutral
3151,neutral
3152,positive
3153,neutral
3154,positive
3155,neutral
3156,neutral
3157,positive
3158,neutral
3159,positive
3160,positive
3161,positive
3162,positive
3163,neutral
3164,positive
3165,positive
3166,positive
3167,positive
3168,positive
3169,positive
3170,positive
3171,positive
3172,neutral
3173,neutral
3174,positive
3175,neutral
3176,positive
3177,neutral
3178,neutral
3179,neutral
3180,positive
3181,neutral
3182,positive
3183,neutral
3184,neutral
3185,neutral
3186,neutral
3187,positive
3188,positive
3189,positive
3190,neutral
3191,positive
3192,neutral
3193,positive
3194,positive
3195,neutral
3196,neutral
3197,neutral
3198,neutral
3199,neutral
3200,neutral
3201,neutral
3202,neutral
3203,neutral
3204,positive
3205,positive
3206,positive
3207,positive
3208,positive
3209,neutral
3210,neutral
3211,neutral
3212,neutral
3213,positive
3214,positive
3215,neutral
3216,neutral
3217,neutral
3218,neutral
3219,positive
3220,neutral
3221,positive
3222,positive
3223,neutral
3224,positive
3225,positive
3226,positive
3227,neutral
3228,neutral
3229,positive
3230,neutral
3231,positive
3232,positive
3233,neutral
3234,neutral
3235,neutral
3236,neutral
3237,positive
3238,neutral
3239,neutral
3240,positive
3241,neutral
3242,positive
3243,positive
3244,neutral
3245,positive
3246,positive
3247,neutral
3248,neutral
3249,neutral
3250,neutral
3251,positive
3252,neutral
3253,positive
3254,positive
3255,positive
3256,positive
3257,neutral
3258,neutral
3259,neutral
3260,neutral
3261,positive
3262,neutral
3263,positive
3264,neutral
3265,neutral
3266,positive
3267,positive
3268,positive
3269,neutral
3270,neutral
3271,neutral
3272,neutral
3273,positive
3274,neutral
3275,neutral
3276,neutral
3277,positive
3278,neutral
3279,positive
3280,positive
3281,neutral
3282,neutral
3283,neutral
3284,neutral
3285,neutral
3286,neutral
3287,neutral
3288,positive
3289,positive
3290,neutral
3291,positive
3292,neutral
3293,positive
3294,positive
3295,positive
3296,positive
3297,positive
3298,positive
3299,neutral
3300,positive
3301,positive
3302,positive
3303,positive
3304,positive
3305,neutral
3306,positive
3307,positive
3308,neutral
3309,positive
3310,neutral
3311,positive
3312,positive
3313,positive
3314,positive
3315,positive
3316,positive
3317,neutral
3318,neutral
3319,positive
3320,neutral
3321,positive
3322,neutral
3323,positive
3324,neutral
3325,neutral
3326,neutral
3327,positive
3328,neutral
3329,positive
3330,positive
3331,neutral
3332,positive
3333,neutral
3334,positive
3335,positive
3336,positive
3337,neutral
3338,neutral
3339,neutral
3340,neutral
3341,neutral
3342,neutral
3343,neutral
3344,neutral
3345,neutral
3346,positive
3347,neutral
3348,neutral
3349,neutral
3350,neutral
3351,neutral
3352,neutral
3353,positive
3354,positive
3355,positive
3356,neutral
3357,positive
3358,neutral
3359,positive
3360,positive
3361,neutral
3362,positive
3363,neutral
3364,neutral
3365,positive
3366,positive
3367,positive
3368,neutral
3369,positive
3370,neutral
3371,neutral
3372,neutral
3373,neutral
3374,positive
3375,neutral
3376,neutral
3377,positive
3378,neutral
3379,positive
3380,positive
3381,positive
3382,positive
3383,neutral
3384,neutral
3385,positive
3386,positive
3387,positive
3388,neutral
3389,neutral
3390,neutral
3391,neutral
3392,neutral
3393,positive
3394,positive
3395,positive
3396,neutral
3397,neutral
3398,neutral
3399,neutral
3400,neutral
3401,neutral
3402,positive
3403,positive
3404,neutral
3405,positive
3406,positive
3407,positive
3408,positive
3409,neutral
3410,neutral
3411,positive
3412,positive
3413,neutral
3414,neutral
3415,positive
3416,positive
3417,positive
3418,neutral
3419,neutral
3420,positive
3421,neutral
3422,neutral
3423,positive
3424,neutral
3425,neutral
3426,neutral
3427,positive
3428,neutral
3429,neutral
3430,neutral
3431,positive
3432,neutral
3433,neutral
3434,neutral
3435,neutral
3436,positive
3437,neutral
3438,positive
3439,positive
3440,neutral
3441,neutral
3442,positive
3443,neutral
3444,positive
3445,neutral
3446,neutral
3447,positive
3448,positive
3449,neutral
3450,positive
3451,positive
3452,neutral
3453,neutral
3454,positive
3455,neutral
3456,positive
3457,positive
3458,neutral
3459,positive
3460,positive
3461,positive
3462,neutral
3463,neutral
3464,positive
3465,positive
3466,neutral
3467,neutral
3468,positive
3469,positive
3470,positive
3471,positive
3472,neutral
3473,positive
3474,positive
3475,neutral
3476,neutral
3477,neutral
3478,neutral
3479,positive
3480,positive
3481,positive
3482,positive
3483,positive
3484,positive
3485,positive
3486,neutral
3487,positive
3488,positive
3489,neutral
3490,positive
3491,positive
3492,neutral
3493,neutral
3494,positive
3495,positive
3496,neutral
3497,neutral
3498,positive
3499,neutral
3500,neutral
3501,neutral
3502,neutral
3503,positive
3504,positive
3505,positive
3506,neutral
3507,neutral
3508,positive
3509,neutral
3510,neutral
3511,neutral
3512,neutral
3513,neutral
3514,positive
3515,positive
3516,neutral
3517,neutral
3518,neutral
3519,neutral
3520,positive
3521,neutral
3522,neutral
3523,positive
3524,positive
3525,positive
3526,neutral
3527,neutral
3528,neutral
3529,positive
3530,positive
3531,neutral
3532,positive
3533,neutral
3534,positive
3535,positive
3536,positive
3537,neutral
3538,positive
3539,neutral
3540,positive
3541,positive
3542,neutral
3543,positive
3544,positive
3545,positive
3546,positive
3547,neutral
3548,positive
3549,positive
3550,neutral
3551,neutral
3552,neutral
3553,positive
3554,positive
3555,positive
3556,neutral
3557,neutral
3558,positive
3559,neutral
3560,positive
3561,positive
3562,positive
3563,positive
3564,neutral
3565,positive
3566,positive
3567,neutral
3568,neutral
3569,positive
3570,neutral
3571,neutral
3572,positive
3573,positive
3574,neutral
3575,positive
3576,positive
3577,positive
3578,positive
3579,neutral
3580,neutral
3581,positive
3582,positive
3583,neutral
3584,positive
3585,positive
3586,neutral
3587,positive
3588,neutral
3589,positive
3590,positive
3591,neutral
3592,neutral
3593,positive
3594,positive
3595,positive
3596,neutral
3597,positive
3598,positive
3599,neutral
3600,positive
3601,neutral
3602,neutral
3603,positive
3604,positive
3605,positive
3606,neutral
3607,positive
3608,neutral
3609,positive
3610,positive
3611,positive
3612,neutral
3613,positive
3614,neutral
3615,neutral
3616,positive
3617,positive
3618,positive
3619,neutral
3620,positive
3621,positive
3622,neutral
3623,neutral
3624,positive
3625,neutral
3626,neutral
3627,neutral
3628,positive
3629,neutral
3630,neutral
3631,neutral
3632,positive
3633,neutral
3634,neutral
3635,neutral
3636,neutral
3637,neutral
3638,neutral
3639,neutral
3640,neutral
3641,neutral
3642,neutral
3643,neutral
3644,positive
3645,positive
3646,positive
3647,neutral
3648,positive
3649,positive
3650,neutral
3651,positive
3652,neutral
3653,positive
3654,positive
3655,neutral
3656,neutral
3657,positive
3658,neutral
3659,neutral
3660,neutral
3661,neutral
3662,positive
3663,neutral
3664,neutral
3665,neutral
3666,positive
3667,neutral
3668,neutral
3669,neutral
3670,positive
3671,positive
3672,positive
3673,positive
3674,neutral
3675,positive
3676,neutral
3677,neutral
3678,positive
3679,positive
3680,neutral
3681,neutral
3682,positive
3683,positive
3684,positive
3685,neutral
3686,neutral
3687,neutral
3688,neutral
3689,positive
3690,neutral
3691,positive
3692,positive
3693,neutral
3694,positive
3695,neutral
3696,neutral
3697,neutral
3698,positive
3699,neutral
3700,positive
3701,positive
3702,positive
3703,neutral
3704,neutral
3705,neutral
3706,positive
3707,positive
3708,neutral
3709,neutral
3710,neutral
3711,positive
3712,positive
3713,neutral
3714,positive
3715,neutral
3716,positive
3717,neutral
3718,positive
3719,neutral
3720,neutral
3721,neutral
3722,positive
3723,neutral
3724,neutral
3725,neutral
3726,neutral
3727,neutral
3728,positive
3729,neutral
3730,neutral
3731,positive
3732,neutral
3733,neutral
3734,neutral
3735,neutral
3736,neutral
3737,positive
3738,positive
3739,neutral
3740,positive
3741,neutral
3742,positive
3743,neutral
3744,positive
3745,positive
3746,positive
3747,positive
3748,positive
3749,positive
3750,positive
3751,neutral
3752,neutral
3753,neutral
3754,neutral
3755,neutral
3756,neutral
3757,neutral
3758,neutral
3759,positive
3760,neutral
3761,positive
3762,neutral
3763,neutral
3764,neutral
3765,positive
3766,neutral
3767,neutral
3768,neutral
3769,positive
3770,neutral
3771,neutral
3772,positive
3773,positive
3774,positive
3775,positive
3776,positive
3777,positive
3778,positive
3779,neutral
3780,positive
3781,positive
3782,positive
3783,neutral
3784,positive
3785,positive
3786,positive
3787,positive
3788,neutral
3789,positive
3790,positive
3791,positive
3792,positive
3793,neutral
3794,neutral
3795,positive
3796,neutral
3797,positive
3798,positive
3799,neutral
3800,positive
3801,positive
3802,positive
3803,positive
3804,positive
3805,positive
3806,neutral
3807,neutral
3808,neutral
3809,positive
3810,positive
3811,positive
3812,positive
3813,neutral
3814,positive
3815,positive
3816,neutral
3817,positive
3818,positive
3819,neutral
3820,positive
3821,positive
3822,neutral
3823,positive
3824,positive
3825,positive
3826,neutral
3827,positive
3828,positive
3829,positive
3830,positive
3831,positive
3832,positive
3833,positive
3834,neutral
3835,neutral
3836,neutral
3837,neutral
3838,positive
3839,positive
3840,positive
3841,positive
3842,positive
3843,neutral
3844,neutral
3845,neutral
3846,positive
3847,neutral
3848,neutral
3849,positive
3850,neutral
3851,neutral
3852,positive
3853,positive
3854,neutral
3855,positive
3856,positive
3857,neutral
3858,positive
3859,positive
3860,positive
3861,neutral
3862,neutral
3863,positive
3864,positive
3865,positive
3866,neutral
3867,positive
3868,positive
3869,neutral
3870,positive
3871,positive
3872,neutral
3873,neutral
3874,positive
3875,neutral
3876,neutral
3877,neutral
3878,positive
3879,positive
3880,positive
3881,positive
3882,positive
3883,neutral
3884,positive
3885,positive
3886,positive
3887,neutral
3888,positive
3889,neutral
3890,positive
3891,neutral
3892,neutral
3893,neutral
3894,neutral
3895,neutral
3896,neutral
3897,neutral
3898,neutral
3899,positive
3900,neutral
3901,positive
3902,neutral
3903,neutral
3904,neutral
3905,neutral
3906,positive
3907,positive
3908,neutral
3909,positive
3910,positive
3911,positive
3912,neutral
3913,neutral
3914,neutral
3915,neutral
3916,neutral
3917,neutral
3918,neutral
3919,positive
3920,positive
3921,positive
3922,positive
3923,neutral
3924,neutral
3925,neutral
3926,positive
3927,positive
3928,neutral
3929,positive
3930,neutral
3931,positive
3932,positive
3933,neutral
3934,positive
3935,positive
3936,positive
3937,neutral
3938,positive
3939,positive
3940,neutral
3941,neutral
3942,positive
3943,neutral
3944,positive
3945,neutral
3946,positive
3947,positive
3948,neutral
3949,positive
3950,positive
3951,neutral
3952,positive
3953,neutral
3954,neutral
3955,positive
3956,positive
3957,neutral
3958,positive
3959,positive
3960,positive
3961,neutral
3962,positive
3963,positive
3964,neutral
3965,positive
3966,positive
3967,positive
3968,neutral
3969,neutral
3970,neutral
3971,positive
3972,positive
3973,positive
3974,neutral
3975,neutral
3976,neutral
3977,positive
3978,positive
3979,neutral
3980,positive
3981,positive
3982,neutral
3983,positive
3984,positive
3985,positive
3986,neutral
3987,neutral
3988,positive
3989,positive
3990,neutral
3991,neutral
3992,neutral
3993,positive
3994,positive
3995,neutral
3996,neutral
3997,neutral
3998,positive
3999,positive
4000,positive
4001,positive
4002,neutral
4003,neutral
4004,positive
4005,positive
4006,neutral
4007,neutral
4008,positive
4009,neutral
4010,positive
4011,positive
4012,positive
4013,neutral
4014,positive
4015,positive
4016,neutral
4017,neutral
4018,neutral
4019,neutral
4020,positive
4021,neutral
4022,neutral
4023,positive
4024,positive
4025,positive
4026,positive
4027,positive
4028,positive
4029,positive
4030,positive
4031,positive
4032,neutral
4033,neutral
4034,positive
4035,positive
4036,neutral
4037,positive
4038,positive
4039,neutral
4040,positive
4041,positive
4042,positive
4043,positive
4044,neutral
4045,positive
4046,positive
4047,positive
4048,neutral
4049,positive
4050,neutral
4051,neutral
4052,positive
4053,positive
4054,positive
4055,neutral
4056,neutral
4057,neutral
4058,neutral
4059,neutral
4060,positive
4061,neutral
4062,positive
4063,neutral
4064,neutral
4065,positive
4066,positive
4067,positive
4068,positive
4069,neutral
4070,neutral
4071,neutral
4072,neutral
4073,neutral
4074,positive
4075,neutral
4076,neutral
4077,positive
4078,positive
4079,positive
4080,neutral
4081,neutral
4082,neutral
4083,positive
4084,neutral
4085,positive
4086,positive
4087,positive
4088,positive
4089,neutral
4090,positive
4091,neutral
4092,positive
4093,neutral
4094,neutral
4095,neutral
4096,neutral
4097,neutral
4098,positive
4099,neutral
4100,positive
4101,positive
4102,positive
4103,positive
4104,positive
4105,neutral
4106,neutral
4107,positive
4108,neutral
4109,neutral
4110,neutral
4111,positive
4112,neutral
4113,positive
4114,neutral
4115,neutral
4116,neutral
4117,neutral
4118,neutral
4119,positive
4120,positive
4121,positive
4122,neutral
4123,positive
4124,neutral
4125,positive
4126,neutral
4127,neutral
4128,neutral
4129,positive
4130,neutral
4131,positive
4132,neutral
4133,neutral
4134,positive
4135,neutral
4136,neutral
4137,neutral
4138,neutral
4139,positive
4140,neutral
4141,neutral
4142,neutral
4143,neutral
4144,neutral
4145,neutral
4146,neutral
4147,positive
4148,positive
4149,positive
4150,positive
4151,neutral
4152,positive
4153,neutral
4154,neutral
4155,positive
4156,positive
4157,positive
4158,neutral
4159,positive
4160,positive
4161,positive
4162,positive
4163,neutral
4164,positive
4165,positive
4166,positive
4167,positive
4168,positive
4169,neutral
4170,positive
4171,neutral
4172,positive
4173,positive
4174,neutral
4175,positive
4176,positive
4177,positive
4178,positive
4179,neutral
4180,neutral
4181,positive
4182,positive
4183,neutral
4184,neutral
4185,neutral
4186,positive
4187,neutral
4188,neutral
4189,positive
4190,neutral
4191,positive
4192,positive
4193,neutral
4194,neutral
4195,neutral
4196,positive
4197,positive
4198,positive
4199,positive
4200,positive
4201,positive
4202,positive
4203,positive
4204,positive
4205,positive
4206,positive
4207,positive
4208,neutral
4209,neutral
4210,positive
4211,positive
4212,neutral
4213,positive
4214,neutral
4215,neutral
4216,positive
4217,neutral
4218,positive
4219,neutral
4220,neutral
4221,positive
4222,neutral
4223,positive
4224,positive
4225,positive
4226,positive
4227,positive
4228,positive
4229,positive
4230,neutral
4231,positive
4232,positive
4233,positive
4234,positive
4235,positive
4236,positive
4237,positive
4238,neutral
4239,positive
4240,neutral
4241,positive
4242,neutral
4243,positive
4244,neutral
4245,neutral
4246,neutral
4247,neutral
4248,neutral
4249,neutral
4250,positive
4251,positive
4252,neutral
4253,neutral
4254,neutral
4255,neutral
4256,positive
4257,positive
4258,positive
4259,positive
4260,neutral
4261,positive
4262,neutral
4263,neutral
4264,neutral
4265,neutral
4266,positive
4267,neutral
4268,positive
4269,positive
4270,neutral
4271,positive
4272,positive
4273,neutral
4274,neutral
4275,neutral
4276,positive
4277,positive
4278,positive
4279,neutral
4280,neutral
4281,neutral
4282,neutral
4283,neutral
4284,positive
4285,positive
4286,neutral
4287,positive
4288,positive
4289,positive
4290,positive
4291,neutral
4292,neutral
4293,positive
4294,positive
4295,neutral
4296,neutral
4297,neutral
4298,neutral
4299,neutral
4300,neutral
4301,neutral
4302,neutral
4303,neutral
4304,neutral
4305,positive
4306,positive
4307,neutral
4308,neutral
4309,neutral
4310,positive
4311,neutral
4312,positive
4313,neutral
4314,neutral
4315,positive
4316,neutral
4317,positive
4318,neutral
4319,neutral
4320,neutral
4321,neutral
4322,neutral
4323,neutral
4324,neutral
4325,neutral
4326,neutral
4327,neutral
4328,positive
4329,positive
4330,positive
4331,positive
4332,positive
4333,positive
4334,positive
4335,neutral
4336,neutral
4337,neutral
4338,positive
4339,neutral
4340,neutral
4341,positive
4342,positive
4343,neutral
4344,neutral
4345,neutral
4346,neutral
4347,positive
4348,positive
4349,neutral
4350,neutral
4351,positive
4352,positive
4353,positive
4354,neutral
4355,neutral
4356,positive
4357,neutral
4358,neutral
4359,neutral
4360,neutral
4361,neutral
4362,positive
4363,positive
4364,positive
4365,neutral
4366,neutral
4367,positive
4368,positive
4369,positive
4370,neutral
4371,neutral
4372,neutral
4373,positive
4374,positive
4375,neutral
4376,neutral
4377,neutral
4378,neutral
4379,positive
4380,positive
4381,neutral
4382,neutral
4383,neutral
4384,neutral
4385,neutral
4386,positive
4387,neutral
4388,neutral
4389,positive
4390,positive
4391,neutral
4392,positive
4393,neutral
4394,neutral
4395,positive
4396,positive
4397,neutral
4398,positive
4399,neutral
4400,neutral
4401,neutral
4402,neutral
4403,positive
4404,positive
4405,neutral
4406,neutral
4407,neutral
4408,positive
4409,neutral
4410,positive
4411,positive
4412,neutral
4413,positive
4414,positive
4415,neutral
4416,positive
4417,positive
4418,neutral
4419,neutral
4420,neutral
4421,neutral
4422,neutral
4423,neutral
4424,neutral
4425,positive
4426,neutral
4427,neutral
4428,positive
4429,neutral
4430,neutral
4431,neutral
4432,neutral
4433,neutral
4434,neutral
4435,neutral
4436,positive
4437,positive
4438,neutral
4439,positive
4440,neutral
4441,neutral
4442,positive
4443,positive
4444,neutral
4445,positive
4446,neutral
4447,neutral
4448,positive
4449,positive
4450,positive
4451,positive
4452,positive
4453,neutral
4454,neutral
4455,neutral
4456,positive
4457,neutral
4458,neutral
4459,positive
4460,neutral
4461,neutral
4462,neutral
4463,positive
4464,neutral
4465,neutral
4466,positive
4467,neutral
4468,neutral
4469,positive
4470,neutral
4471,neutral
4472,positive
4473,positive
4474,neutral
4475,neutral
4476,positive
4477,neutral
4478,positive
4479,positive
4480,positive
4481,neutral
4482,neutral
4483,positive
4484,positive
4485,neutral
4486,positive
4487,positive
4488,positive
4489,neutral
4490,positive
4491,positive
4492,positive
4493,neutral
4494,positive
4495,neutral
4496,positive
4497,positive
4498,neutral
4499,neutral
4500,neutral
4501,positive
4502,neutral
4503,neutral
4504,positive
4505,neutral
4506,positive
4507,neutral
4508,neutral
4509,positive
4510,positive
4511,neutral
4512,positive
4513,positive
4514,neutral
4515,neutral
4516,neutral
4517,positive
4518,positive
4519,positive
4520,neutral
4521,positive
4522,neutral
4523,positive
4524,positive
4525,neutral
4526,positive
4527,positive
4528,neutral
4529,positive
4530,positive
4531,neutral
4532,positive
4533,positive
4534,neutral
4535,neutral
4536,positive
4537,positive
4538,neutral
4539,positive
4540,neutral
4541,positive
4542,positive
4543,positive
4544,positive
4545,neutral
4546,neutral
4547,neutral
4548,neutral
4549,neutral
4550,positive
4551,neutral
4552,neutral
4553,neutral
4554,positive
4555,positive
4556,neutral
4557,neutral
4558,positive
4559,positive
4560,neutral
4561,positive
4562,positive
4563,neutral
4564,positive
4565,neutral
4566,neutral
4567,neutral
4568,positive
4569,positive
4570,neutral
4571,neutral
4572,positive
4573,positive
4574,positive
4575,neutral
4576,neutral
4577,neutral
4578,positive
4579,positive
4580,positive
4581,neutral
4582,neutral
4583,positive
4584,positive
4585,positive
4586,neutral
4587,neutral
4588,neutral
4589,positive
4590,positive
4591,positive
4592,neutral
4593,positive
4594,positive
4595,positive
4596,positive
4597,neutral
4598,neutral
4599,neutral
4600,positive
4601,neutral
4602,positive
4603,neutral
4604,neutral
4605,positive
4606,positive
4607,neutral
4608,neutral
4609,neutral
4610,positive
4611,positive
4612,positive
4613,neutral
4614,neutral
4615,positive
4616,positive
4617,positive
4618,neutral
4619,neutral
4620,neutral
4621,positive
4622,positive
4623,neutral
4624,positive
4625,neutral
4626,positive
4627,neutral
4628,positive
4629,positive
4630,positive
4631,positive
4632,positive
4633,neutral
4634,positive
4635,neutral
4636,positive
4637,positive
4638,positive
4639,positive
4640,neutral
4641,neutral
4642,neutral
4643,positive
4644,positive
4645,neutral
4646,positive
4647,neutral
4648,positive
4649,positive
4650,positive
4651,neutral
4652,positive
4653,neutral
4654,positive
4655,positive
4656,positive
4657,positive
4658,neutral
4659,positive
4660,neutral
4661,positive
4662,positive
4663,positive
4664,positive
4665,positive
4666,neutral
4667,neutral
4668,neutral
4669,neutral
4670,neutral
4671,neutral
4672,positive
4673,neutral
4674,neutral
4675,positive
4676,positive
4677,positive
4678,neutral
4679,positive
4680,positive
4681,positive
4682,positive
4683,neutral
4684,neutral
4685,positive
4686,positive
4687,neutral
4688,positive
4689,positive
4690,positive
4691,positive
4692,positive
4693,positive
4694,neutral
4695,positive
4696,positive
4697,neutral
4698,neutral
4699,neutral
4700,positive
4701,neutral
4702,neutral
4703,neutral
4704,neutral
4705,neutral
4706,neutral
4707,neutral
4708,neutral
4709,positive
4710,neutral
4711,positive
4712,neutral
4713,neutral
4714,neutral
4715,positive
4716,neutral
4717,positive
4718,positive
4719,positive
4720,positive
4721,neutral
4722,positive
4723,positive
4724,neutral
4725,positive
4726,neutral
4727,positive
4728,neutral
4729,positive
4730,neutral
4731,neutral
4732,positive
4733,neutral
4734,neutral
4735,neutral
4736,positive
4737,neutral
4738,positive
4739,positive
4740,positive
4741,neutral
4742,neutral
4743,positive
4744,neutral
4745,positive
4746,positive
4747,neutral
4748,positive
4749,neutral
4750,positive
4751,neutral
4752,neutral
4753,positive
4754,positive
4755,positive
4756,neutral
4757,positive
4758,neutral
4759,positive
4760,positive
4761,positive
4762,neutral
4763,positive
4764,neutral
4765,neutral
4766,neutral
4767,neutral
4768,positive
4769,neutral
4770,neutral
4771,positive
4772,positive
4773,positive
4774,positive
4775,positive
4776,positive
4777,neutral
4778,positive
4779,neutral
4780,positive
4781,positive
4782,neutral
4783,positive
4784,neutral
4785,positive
4786,positive
4787,neutral
4788,neutral
4789,neutral
4790,positive
4791,neutral
4792,neutral
4793,neutral
4794,positive
4795,neutral
4796,neutral
4797,neutral
4798,neutral
4799,neutral
4800,neutral
4801,positive
4802,neutral
4803,neutral
4804,neutral
4805,neutral
4806,positive
4807,neutral
4808,neutral
4809,positive
4810,neutral
4811,neutral
4812,neutral
4813,neutral
4814,neutral
4815,neutral
4816,positive
4817,positive
4818,positive
4819,positive
4820,positive
4821,positive
4822,neutral
4823,neutral
4824,neutral
4825,neutral
4826,neutral
4827,positive
4828,positive
4829,positive
4830,neutral
4831,neutral
4832,positive
4833,neutral
4834,neutral
4835,positive
4836,positive
4837,positive
4838,positive
4839,neutral
4840,positive
4841,neutral
4842,positive
4843,neutral
4844,positive
4845,positive
4846,neutral
4847,positive
4848,neutral
4849,neutral
4850,neutral
